product_id,brand,product_name,image_url,selling_price,mrp_price,discount_percent,rating,comment_count,listing_type,source_page
,RARE ONES,Boys Printed Cotton T-shirt,"https://assets.myntassets.com/dpr_2,q_60,w_210,c_limit,fl_progressive/assets/images/2025/FEBRUARY/11/CTA17Ay9_20043912d1344a02ae75465b33fd81a2.jpg",Rs. 649,Rs. 1299,,,,Organic,keyword
,BRATMA,Unisex Kids Holi T-Shirt,"https://assets.myntassets.com/dpr_2,q_60,w_210,c_limit,fl_progressive/assets/images/2026/JANUARY/30/VTFguQxn_e95eeb03705046e5b91f33494682b258.jpg",Rs. 199,Rs. 1499,,,,Organic,keyword
,Marks & Spencer,Girls Hooded T-shirt,"https://assets.myntassets.com/dpr_2,q_60,w_210,c_limit,fl_progressive/assets/images/2024/AUGUST/14/70kW9BP3_2457e404754d4b6fb53b4c0e4f139f4d.jpg",Rs. 591,Rs. 799,,,,Organic,keyword
,KEESOR,Cotton Tshirts,"https://assets.myntassets.com/dpr_2,q_60,w_210,c_limit,fl_progressive/assets/images/2025/AUGUST/19/caCUH654_d9881b1dd2f74de4a0f401dcac81944f.jpg",Rs. 496,Rs. 899,,,,Organic,keyword
,RARE ONES,Boys Printed Pockets T-shirt,"https://assets.myntassets.com/dpr_2,q_60,w_210,c_limit,fl_progressive/assets/images/2024/OCTOBER/31/XN9SMN8V_4ba9459902ae4bc499b575b5c4f98721.jpg",Rs. 749,Rs. 1499,,,,Organic,keyword
,Outzidr,Printed Long Sleeve T-Shirt,"https://assets.myntassets.com/dpr_2,q_60,w_210,c_limit,fl_progressive/assets/images/33510516/2025/4/19/8879ce3c-8f5b-4363-9263-0d2892c05bcf1745047760591-Outzidr-Crop-Top-4141745047760293-1.jpg",,,,,,Organic,keyword
,DAMN GUD DG,Girls Floral Printed T-shirt,"https://assets.myntassets.com/dpr_2,q_60,w_210,c_limit,fl_progressive/assets/images/2025/OCTOBER/2/98vLmcAV_208b2eace626416b976f71b548a33002.jpg",Rs. 499,Rs. 1000,,,,Organic,keyword
,RARE ONES,Boys Printed T-shirt,"https://assets.myntassets.com/dpr_2,q_60,w_210,c_limit,fl_progressive/assets/images/2024/SEPTEMBER/6/f9v9k8l9_456c123a13554cb585b68b4e9a8ed14b.jpg",Rs. 499,Rs. 999,,,,Organic,keyword
,Googo Gaaga,Kids Pack of 3 Printed T-shirt,"https://assets.myntassets.com/dpr_2,q_60,w_210,c_limit,fl_progressive/assets/images/2025/JUNE/28/fupcm1ou_19629663deab472ab7d87b0c98363d65.jpg",Rs. 498,Rs. 1400,,,,Organic,keyword
,Ginger by Lifestyle,Printed Pure Cotton T-shirt,"https://assets.myntassets.com/dpr_2,q_60,w_210,c_limit,fl_progressive/assets/images/2025/OCTOBER/6/PWmKLGRl_369974d7c1884394a72db17337c4230b.jpg",,,,,,Organic,keyword
,Bershka,Women Polka Dot Printed T-shirt,"https://assets.myntassets.com/dpr_2,q_60,w_210,c_limit,fl_progressive/assets/images/2026/JANUARY/8/P4VCIX7j_b2ddb67122e14b3e92c319f16dc9670f.jpg",,,,,,Organic,keyword
,Crazymonk,Unisex Oversized T-shirt,"https://assets.myntassets.com/dpr_2,q_60,w_210,c_limit,fl_progressive/assets/images/24943064/2023/9/25/71cb5970-fb75-428e-94a4-a5c55d4af7451695628700885-Crazymonk-Unisex-Black-Printed-T-shirt-7101695628700591-1.jpg",Rs. 497,Rs. 1499,,,,Organic,keyword
,KEESOR,Pack Of 3 Cotton Tshirts,"https://assets.myntassets.com/dpr_2,q_60,w_210,c_limit,fl_progressive/assets/images/2025/JULY/8/vYCKoXza_cfa1f94121f246949a6314234173e52a.jpg",Rs. 410,Rs. 699,,,,Organic,keyword
,COLOR CAPITAL,V-Neck Casual T-Shirt,"https://assets.myntassets.com/dpr_2,q_60,w_210,c_limit,fl_progressive/assets/images/28011208/2024/3/4/53fd7b41-d784-413f-9fe1-4a602aeb1fcf1709528359332COLORCAPITALTop1.jpg",Rs. 440,Rs. 799,,,,Organic,keyword
,Puma,Men Slim Fit Polo T-shirt,"https://assets.myntassets.com/dpr_2,q_60,w_210,c_limit,fl_progressive/assets/images/30850266/2025/6/17/42d0df0b-9a7f-4df8-80ab-c8bbf7e7ce6b1750156161073-Puma-Mens-Slim-Fit-Polo-T-shirt-3801750156160589-1.jpg",Rs. 645,Rs. 1699,,,,Organic,keyword
,LYRA,Women Floral Printed T-shirt,"https://assets.myntassets.com/dpr_2,q_60,w_210,c_limit,fl_progressive/assets/images/2026/JANUARY/5/f7YnEBQQ_5fe911975d40441991fdb4d7f63ad762.jpg",Rs. 330,Rs. 375,,,,Organic,keyword
,FCUK,Anti Odour T-shirt,"https://assets.myntassets.com/dpr_2,q_60,w_210,c_limit,fl_progressive/assets/images/29949841/2024/7/1/b5dc84d1-e5bd-43f2-92c2-415d412cef8c1719837017819-FCUK-Men-Tshirts-3941719837017309-1.jpg",Rs. 351,Rs. 1599,,,,Organic,keyword
,Nap Chief,Kids Printed T-shirt,"https://assets.myntassets.com/dpr_2,q_60,w_210,c_limit,fl_progressive/assets/images/2026/JANUARY/2/P2kdzDQo_59c8f964c71e45fcbd376d53c4f6ad47.jpg",Rs. 550,Rs. 990,,,,Organic,keyword
,Levis,Solid Lounge T-shirt,"https://assets.myntassets.com/dpr_2,q_60,w_210,c_limit,fl_progressive/assets/images/12027436/2022/9/15/ea90445c-a37b-43ac-948b-8e291ec78dc31663221311972LevisMenWhiteSolidRoundNeckLoungeT-shirt1.jpg",Rs. 460,Rs. 649,,,,Organic,keyword
,Kook N Keech,Oversized Cotton T-shirt,"https://assets.myntassets.com/dpr_2,q_60,w_210,c_limit,fl_progressive/assets/images/23588888/2023/10/5/07a1241c-3ffb-4d64-9a97-4311adbb03ec1696481692322-Kook-N-Keech-Men-Tshirts-9841696481692012-1.jpg",Rs. 249,Rs. 999,,,,Organic,keyword
,Rigo,Unisex Printed Cotton T-shirt,"https://assets.myntassets.com/dpr_2,q_60,w_210,c_limit,fl_progressive/assets/images/2025/AUGUST/26/V2dd3H1y_b32378b3f719413c931dcb407f705044.jpg",Rs. 342,Rs. 1599,,,,Organic,keyword
,DAMN GUD DG,Girls Pack of 3 T-shirts,"https://assets.myntassets.com/dpr_2,q_60,w_210,c_limit,fl_progressive/assets/images/2025/AUGUST/6/clNvRf2R_34355441690a4ff192840fc6a456b61e.jpg",Rs. 499,Rs. 1000,,,,Organic,keyword
,XYXX,Polo Collar Cotton T-shirt,"https://assets.myntassets.com/dpr_2,q_60,w_210,c_limit,fl_progressive/assets/images/29132512/2024/4/23/a34a5c76-a6f4-42ed-baa7-9454e08eb51b1713872331871XYXXMenPoloCollarT-shirt1.jpg",Rs. 599,Rs. 699,,,,Organic,keyword
,Rotaqo,Boys Pack Of 2 Cotton T-shirt,"https://assets.myntassets.com/dpr_2,q_60,w_210,c_limit,fl_progressive/assets/images/2025/JULY/15/Tzn1q3Dt_2a3fc6865d4e4e5b931b8f38cd492022.jpg",Rs. 259,Rs. 999,,,,Organic,keyword
,HRX by Hrithik Roshan,Rapid-Dry Training T-shirt,"https://assets.myntassets.com/dpr_2,q_60,w_210,c_limit,fl_progressive/assets/images/2025/SEPTEMBER/13/3CEPjc4Q_097473a67c194e1fb7b3df7c59085384.jpg",Rs. 287,Rs. 899,,,,Organic,keyword
,Allen Solly Junior,Polo Collar Cotton T-shirt,"https://assets.myntassets.com/dpr_2,q_60,w_210,c_limit,fl_progressive/assets/images/2025/AUGUST/21/tflRoSgR_3b838590ad064f23ad2257ba98d9e5b5.jpg",Rs. 657,Rs. 1399,,,,Organic,keyword
,max,Printed Round Neck T-shirt,"https://assets.myntassets.com/dpr_2,q_60,w_210,c_limit,fl_progressive/assets/images/2025/MAY/26/AiP0Kbqr_dfd9bd5b06f74baca71e09d4765c9b3b.jpg",Rs. 499,Rs. 599,,,,Organic,keyword
,Campus Sutra,Men Solid Cotton Polo T-shirt,"https://assets.myntassets.com/dpr_2,q_60,w_210,c_limit,fl_progressive/assets/images/32193183/2025/1/3/20101921-9818-4aa6-be47-d4ea96af4ec51735885407991CampusSutraMenStripedPoloCollarPocketsT-shirt1.jpg",Rs. 594,Rs. 1699,,,,Organic,keyword
,BRATMA,Boys Cotton Tshirts,"https://assets.myntassets.com/dpr_2,q_60,w_210,c_limit,fl_progressive/assets/images/2026/JANUARY/26/trTYt6E6_7a69b3300dc34302a5bd27c0fc489f6b.jpg",Rs. 398,Rs. 1499,,,,Organic,keyword
,Marks & Spencer,Girls Printed Cotton T-shirt,"https://assets.myntassets.com/dpr_2,q_60,w_210,c_limit,fl_progressive/assets/images/29459636/2024/5/10/0671f281-9fa1-4dcb-87b6-adb15ba06fc61715282267042MarksSpencerGirlsV-NeckT-shirt1.jpg",Rs. 644,Rs. 1499,,,,Organic,keyword
,bacca bucci,Men Textured Sneakers,"https://assets.myntassets.com/dpr_2,q_60,w_210,c_limit,fl_progressive/assets/images/29974464/2024/6/17/5ac3a67a-b96c-4c58-8cdc-10d70c4835841718621151853baccabucciMenTexturedPUSneakers1.jpg",Rs. 1499,Rs. 2999,,,,Organic,keyword
,glitchez,Men Colourblocked Sneakers,"https://assets.myntassets.com/dpr_2,q_60,w_210,c_limit,fl_progressive/assets/images/2026/JANUARY/19/0Tb0oni8_7ba58b52de1b40949612a8f99a5d46d3.jpg",Rs. 689,Rs. 2299,,,,Organic,keyword
,HRX by Hrithik Roshan,Unisex Back To School Shoes,"https://assets.myntassets.com/dpr_2,q_60,w_210,c_limit,fl_progressive/assets/images/29553912/2024/5/17/5f90bc0f-c248-4bff-8a88-54128a77c4a61715927218769HRXbyHrithikRoshanUnisexTexturedSneakers1.jpg",Rs. 924,Rs. 3699,,,,Organic,keyword
,Actual choice,Embroidered Ballerinas,"https://assets.myntassets.com/dpr_2,q_60,w_210,c_limit,fl_progressive/assets/images/2026/JANUARY/24/1kgRFfo1_6efde60cf73b4b32ad25ed0f29ec7ce5.jpg",Rs. 489,Rs. 1999,,,,Organic,keyword
,CULT,Men Running Shoes,"https://assets.myntassets.com/dpr_2,q_60,w_210,c_limit,fl_progressive/assets/images/33384081/2025/6/28/934c2543-b352-4ccf-80a9-c3cde7847e9a1751102947074-CULT-Men-Strix-Running-Shoes----BlackBlue-4831751102946582-1.jpg",Rs. 2619,Rs. 4069,,,,Organic,keyword
,HRX by Hrithik Roshan,Unisex Running Shoes,"https://assets.myntassets.com/dpr_2,q_60,w_210,c_limit,fl_progressive/assets/images/32085906/2024/12/25/c61e92aa-9d16-4fd7-8cad-c100cf3560351735143905559UnisexComfortableRunningShoes1.jpg",Rs. 869,Rs. 2999,,,,Organic,keyword
,Anouk,Men Slip-On Formal Loafers,"https://assets.myntassets.com/dpr_2,q_60,w_210,c_limit,fl_progressive/assets/images/2024/SEPTEMBER/3/paioXPum_7bbbdd2c194546c48db078ae975e880f.jpg",Rs. 707,Rs. 2830,,,,Organic,keyword
,Red Chief,Men Leather Derby Formal Shoes,"https://assets.myntassets.com/dpr_2,q_60,w_210,c_limit,fl_progressive/assets/images/2024/DECEMBER/2/0koR0QRW_8584935bf1d54275bdd911e6a95510f3.jpg",Rs. 2239,Rs. 5599,,,,Organic,keyword
,knoos,Women Suede Clogs,"https://assets.myntassets.com/dpr_2,q_60,w_210,c_limit,fl_progressive/assets/images/2026/JANUARY/23/QhRcDjRo_c245e4e66a054f4ea97642fe15d8b47d.jpg",Rs. 772,Rs. 2499,,,,Organic,keyword
,WROGN,Men Running Shoes,"https://assets.myntassets.com/dpr_2,q_60,w_210,c_limit,fl_progressive/assets/images/2025/OCTOBER/28/2I3B3jca_f4bed344731645599970b95cea3efcc7.jpg",Rs. 1121,Rs. 3299,,,,Organic,keyword
,Puma,Galaxis Pro Running Shoes,"https://assets.myntassets.com/dpr_2,q_60,w_210,c_limit,fl_progressive/assets/images/2025/OCTOBER/8/NNUOJkf4_eae0604368584f5d990e63895588c47b.jpg",Rs. 4199,Rs. 6999,,,,Organic,keyword
,HOOH Now Comfort in Fashion,Unisex Kids Colourblocked Sneakers,"https://assets.myntassets.com/dpr_2,q_60,w_210,c_limit,fl_progressive/assets/images/2025/DECEMBER/31/ryqpPIpu_e2eb12133834405bb7691383daa240cd.jpg",Rs. 590,Rs. 1299,,,,Organic,keyword
,Allen Solly,Textured Block Heel,"https://assets.myntassets.com/dpr_2,q_60,w_210,c_limit,fl_progressive/assets/images/25500050/2024/2/15/4053a885-7979-45f9-a8bb-897bc9d20a281707992344542-Allen-Solly-Textured-Open-Toe-Block-Heel-4331707992344316-1.jpg",Rs. 1632,Rs. 2299,,,,Organic,keyword
,CULT,Men Running Shoes,"https://assets.myntassets.com/dpr_2,q_60,w_210,c_limit,fl_progressive/assets/images/19780880/2022/11/9/010ea267-62f0-4128-b66d-e5c93e4879101667986946464-Cultsport-Men-Black-Mesh-Running-Shoes-2741667986945818-1.jpg",Rs. 1785,Rs. 4729,,,,Organic,keyword
,GNX,Embellished  Block Heels,"https://assets.myntassets.com/dpr_2,q_60,w_210,c_limit,fl_progressive/assets/images/2025/MARCH/20/vERZ8BLl_2e8e27432218425cb674c8130d5cefff.jpg",Rs. 599,Rs. 1299,,,,Organic,keyword
,Roadster,Round Toe Sneakers Shoes,"https://assets.myntassets.com/dpr_2,q_60,w_210,c_limit,fl_progressive/assets/images/2026/JANUARY/24/9bxS2om3_70852626700c442ba0efa13d2d0a7c59.jpg",Rs. 849,Rs. 4299,,,,Organic,keyword
,Puma,Softride Pro Dynamic Flex Shoe,"https://assets.myntassets.com/dpr_2,q_60,w_210,c_limit,fl_progressive/assets/images/2025/SEPTEMBER/26/Wp6STmJm_9455bccdac144dd5b3a437da05c5276b.jpg",Rs. 2449,Rs. 6999,,,,Organic,keyword
,G&D,Kids Running Sports Shoes,"https://assets.myntassets.com/dpr_2,q_60,w_210,c_limit,fl_progressive/assets/images/2025/NOVEMBER/1/FcFeAvPr_717b9167e58740faaefe84f0f857b6b1.jpg",Rs. 1159,Rs. 3999,,,,Organic,keyword
,Stylestry,Girls Open Toe Flats,"https://assets.myntassets.com/dpr_2,q_60,w_210,c_limit,fl_progressive/assets/images/34542080/2025/6/7/58e6580f-1380-46ca-bfe1-45b681dc53371749273366116-Stylestry-Girls-Open-Toe-Flats-5661749273365754-1.jpg",Rs. 408,Rs. 999,,,,Organic,keyword
,Puma,Softride Harli Hybrid Shoes,"https://assets.myntassets.com/dpr_2,q_60,w_210,c_limit,fl_progressive/assets/images/2025/SEPTEMBER/23/MLuxElse_1ef3ad500068486e9972c3f59c4a430f.jpg",Rs. 2099,Rs. 5999,,,,Organic,keyword
,HRX by Hrithik Roshan,Women Running Shoes,"https://assets.myntassets.com/dpr_2,q_60,w_210,c_limit,fl_progressive/assets/images/2026/JANUARY/4/KZXNDrdl_9d85e4f817d3472aaf2ccc49072de5c1.jpg",Rs. 1319,Rs. 3999,,,,Organic,keyword
,Campus,Women Round Toe Sneakers,"https://assets.myntassets.com/dpr_2,q_60,w_210,c_limit,fl_progressive/assets/images/2025/SEPTEMBER/23/H9CvjqmN_ad3fb6456cc04d40ac81ad30f3288201.jpg",Rs. 985,Rs. 1699,,,,Organic,keyword
,Liberty,Women Walking Shoes,"https://assets.myntassets.com/dpr_2,q_60,w_210,c_limit,fl_progressive/assets/images/28164812/2024/3/9/7bbb801a-a28b-476d-ab7e-ca89d087eecf1709986584864LibertyBOSTER-L2ELeap7XLadiesPeachSlip-OnWalikingSportsShoes1.jpg",Rs. 861,Rs. 3199,,,,Organic,keyword
,DROP BOLD,Women Flats,"https://assets.myntassets.com/dpr_2,q_60,w_210,c_limit,fl_progressive/assets/images/2026/JANUARY/17/ja956mhA_a3dac36da7bb448d9f7aae4b8b4bea03.jpg",Rs. 829,Rs. 2499,,,,Organic,keyword
,Red Tape,Colourblocked Round Toe Shoes,"https://assets.myntassets.com/dpr_2,q_60,w_210,c_limit,fl_progressive/assets/images/2025/SEPTEMBER/24/nE1zExAv_458f9b986f56400787f4cf1c60b84dcf.jpg",Rs. 991,Rs. 6199,,,,Organic,keyword
,Puma,FusionPro Men Running Shoes,"https://assets.myntassets.com/dpr_2,q_60,w_210,c_limit,fl_progressive/assets/images/2025/SEPTEMBER/27/x1sCESSa_0a7f5236779340fb955dcb3eaeb5b696.jpg",Rs. 3199,Rs. 7999,,,,Organic,keyword
,Roadster,Women Zippered Boots,"https://assets.myntassets.com/dpr_2,q_60,w_210,c_limit,fl_progressive/assets/images/26176822/2023/12/1/91a32a25-daae-4e68-8c6a-0dde49cde3e91701446932447RoadsterWomenSBlackFauxLeatherCasualSlipOnBoots1.jpg",Rs. 1127,Rs. 4699,,,,Organic,keyword
,SZN,Women Block-Heel Winter Boots,"https://assets.myntassets.com/dpr_2,q_60,w_210,c_limit,fl_progressive/assets/images/2025/OCTOBER/10/NwSd9inu_2c447110f3644bf8b2c4a0fdcb3fdc63.jpg",Rs. 556,Rs. 1999,,,,Organic,keyword
,Lotto,Men Strada Vele Sneaker,"https://assets.myntassets.com/dpr_2,q_60,w_210,c_limit,fl_progressive/assets/images/2025/AUGUST/6/5th6MNAy_9467d6a8628c43b1b08720da66218c81.jpg",Rs. 1436,Rs. 2624,,,,Organic,keyword
,Actual choice,Embroidered Ballerinas,"https://assets.myntassets.com/dpr_2,q_60,w_210,c_limit,fl_progressive/assets/images/2026/JANUARY/24/J4vH7ew0_b2d6d8885edd412cbf220324b49a442b.jpg",Rs. 489,Rs. 1999,,,,Organic,keyword
,Snitch,Men Mid-Rise Baggy Jeans,"https://assets.myntassets.com/dpr_2,q_60,w_210,c_limit,fl_progressive/assets/images/2025/SEPTEMBER/23/ev0b4daG_f4b70bf78fb94a028813a545ef8ee06c.jpg",Rs. 1291,Rs. 3799,,,,Organic,keyword
,HIGHLANDER,Men Straight Fit Jeans,"https://assets.myntassets.com/dpr_2,q_60,w_210,c_limit,fl_progressive/assets/images/2024/SEPTEMBER/15/TfAvWUj2_ca324a92c553475ea9b74f1986040468.jpg",Rs. 689,Rs. 2999,,,,Organic,keyword
,Marks & Spencer,Women Skinny Fit Cotton Jeans,"https://assets.myntassets.com/dpr_2,q_60,w_210,c_limit,fl_progressive/assets/images/25070230/2023/9/20/f6b481f8-1573-464d-848b-1957a8eaa43d1695208399322MarksSpencerWomenNavyBlueSkinnyFitJeans1.jpg",Rs. 1289,Rs. 2999,,,,Organic,keyword
,Roadster,Men Pure Cotton Jeans,"https://assets.myntassets.com/dpr_2,q_60,w_210,c_limit,fl_progressive/assets/images/28749636/2025/4/19/49f549c4-84de-4dfd-a1cd-b04613c71b151745001139077-The-Roadster-Lifestyle-Co-Men-Beige-Pure-Cotton-Rigid-Baggy--1.jpg",Rs. 950,Rs. 2499,,,,Organic,keyword
,Pepe Jeans,Men Regular Fit Mid-Rise Jeans,"https://assets.myntassets.com/dpr_2,q_60,w_210,c_limit,fl_progressive/assets/images/2025/OCTOBER/7/5pgQuVA9_d4688c62083d43bab9a2c156a2fbf732.jpg",Rs. 1035,Rs. 2799,,,,Organic,keyword
,Pepe Jeans,Boys Slim Fit Jeans,"https://assets.myntassets.com/dpr_2,q_60,w_210,c_limit,fl_progressive/assets/images/2024/SEPTEMBER/14/ZwnKwF4l_e9efb4fdc1794bd8b506119600619382.jpg",Rs. 751,Rs. 1599,,,,Organic,keyword
,V-Mart,Men Regular Fit Mid-Rise Jeans,"https://assets.myntassets.com/dpr_2,q_60,w_210,c_limit,fl_progressive/assets/images/2026/JANUARY/8/tZK0TTqr_1dab59649b3b4d9b8d33c616e78e12e8.jpg",Rs. 751,Rs. 799,,,,Organic,keyword
,HIGHLANDER,Men Straight Fit Jeans,"https://assets.myntassets.com/dpr_2,q_60,w_210,c_limit,fl_progressive/assets/images/2024/AUGUST/26/RZpZKArE_98a68cbae80747b08cb3c311aa18ca34.jpg",Rs. 599,Rs. 2999,,,,Organic,keyword
,StyleCast x Revolte,Men Wide Leg Mid-Rise Jeans,"https://assets.myntassets.com/dpr_2,q_60,w_210,c_limit,fl_progressive/assets/images/2025/NOVEMBER/13/IH7CcvoO_7f5a0656a2784b05a4458b25c7952a20.jpg",Rs. 1319,Rs. 3999,,,,Organic,keyword
,Aadvi Fashion,Women High-Rise Jeans,"https://assets.myntassets.com/dpr_2,q_60,w_210,c_limit,fl_progressive/assets/images/2025/JULY/7/xsCXyEcZ_4ce3c09561364546b6e098fed84e2c00.jpg",Rs. 672,Rs. 2999,,,,Organic,keyword
,Red Tape,Straight Fit Mid-Rise Jeans,"https://assets.myntassets.com/dpr_2,q_60,w_210,c_limit,fl_progressive/assets/images/2025/NOVEMBER/12/b76c0Ltg_8cd3886dacdb45aa9c23a416c3646430.jpg",Rs. 829,Rs. 5799,,,,Organic,keyword
,max,Boys Mid-Rise Clean Look Jeans,"https://assets.myntassets.com/dpr_2,q_60,w_210,c_limit,fl_progressive/assets/images/26128740/2023/11/29/4277625e-6d92-46ba-bb32-26615c72364d1701252087523maxBoysBlueJeans1.jpg",Rs. 539,Rs. 599,,,,Organic,keyword
,V-Mart,Women Regular Fit Mid-Rise Jeans,"https://assets.myntassets.com/dpr_2,q_60,w_210,c_limit,fl_progressive/assets/images/2026/JANUARY/8/6g64cGwd_6cbf764c2dc0442a97512f687f39de45.jpg",Rs. 685,Rs. 699,,,,Organic,keyword
,Cantabil,Men Regular Fit Cotton Jeans,"https://assets.myntassets.com/dpr_2,q_60,w_210,c_limit,fl_progressive/assets/images/22364260/2023/3/16/6daa9fd3-36d7-446e-9f1f-700df6ed8cf21678969674710CantabilMenBlueLightFadeEmbellishedStretchableJeans1.jpg",Rs. 924,Rs. 3699,,,,Organic,keyword
,Urbano Juniors,Boys Slim Fit Denim Joggers,"https://assets.myntassets.com/dpr_2,q_60,w_210,c_limit,fl_progressive/assets/images/11851558/2020/5/14/48b14f3a-22f7-4663-951b-28362558930a1589444558685-Urbano-Juniors-Boys-Grey-Slim-Fit-Jeans-4441589444558297-1.jpg",Rs. 727,Rs. 1399,,,,Organic,keyword
,StyleCast,Men Baggy Fit Mid-Rise Jeans,"https://assets.myntassets.com/dpr_2,q_60,w_210,c_limit,fl_progressive/assets/images/2025/SEPTEMBER/16/dnyWj04i_b771eb1511a94c19978b5e83ab6d4455.jpg",Rs. 645,Rs. 1699,,,,Organic,keyword
,MANGO,Women Regular Fit Jeans,"https://assets.myntassets.com/dpr_2,q_60,w_210,c_limit,fl_progressive/assets/images/2025/OCTOBER/1/weFrjOL1_85b3cdff9ab84d2fa27883f4e375cf47.jpg",Rs. 1595,Rs. 3190,,,,Organic,keyword
,max,Girls Cotton Regular Fit Jeans,"https://assets.myntassets.com/dpr_2,q_60,w_210,c_limit,fl_progressive/assets/images/2025/MARCH/11/mXBVt1bw_355d66fa7aea42a6b97fa6eb7de77f17.jpg",,,,,,Organic,keyword
,R.Code by The Roadster Life Co.,Women Wide Leg High-Rise Jeans,"https://assets.myntassets.com/dpr_2,q_60,w_210,c_limit,fl_progressive/assets/images/2026/JANUARY/20/Eaxx5hT5_97c45214c9fb48c4a7a6216784e94295.jpg",Rs. 999,Rs. 2495,,,,Organic,keyword
,HIGHLANDER,Men Straight Fit Jeans,"https://assets.myntassets.com/dpr_2,q_60,w_210,c_limit,fl_progressive/assets/images/17434914/2022/3/8/d351ed9f-02c1-4262-93d7-540f6af618e11646720208713HIGHLANDERMenBlackStraightFitHighlyDistressedStretchableJean1.jpg",Rs. 599,Rs. 1499,,,,Organic,keyword
,Pepe Jeans,Boys Slim Fit Mid-Rise Jeans,"https://assets.myntassets.com/dpr_2,q_60,w_210,c_limit,fl_progressive/assets/images/2025/FEBRUARY/15/pjToz7zs_1a2b3b345d0146ddac67dd39576050cd.jpg",Rs. 1011,Rs. 2199,,,,Organic,keyword
,Urbano Juniors,Boys Loose Baggy Fit Jeans,"https://assets.myntassets.com/dpr_2,q_60,w_210,c_limit,fl_progressive/assets/images/2026/JANUARY/16/jnKIswvw_5db9cb039c9c41d4914ee7253966ae3b.jpg",Rs. 944,Rs. 2099,,,,Organic,keyword
,Sztori,Men Plus Size Slim Fit Jeans,"https://assets.myntassets.com/dpr_2,q_60,w_210,c_limit,fl_progressive/assets/images/30139521/2024/9/14/f8bce89e-efcc-48a7-851e-c6b4caf3d7491726294374803-Sztori-Men-Jeans-8341726294374123-1.jpg",Rs. 867,Rs. 3099,,,,Organic,keyword
,Marks & Spencer,Boys Straight Leg Jeans,"https://assets.myntassets.com/dpr_2,q_60,w_210,c_limit,fl_progressive/assets/images/2025/SEPTEMBER/17/6WH1kghe_6df78743fbf44285b79d9681fdc8cb31.jpg",Rs. 1094,Rs. 1499,,,,Organic,keyword
,MULVARI,Women Wide Leg High-Rise Jeans,"https://assets.myntassets.com/dpr_2,q_60,w_210,c_limit,fl_progressive/assets/images/2026/JANUARY/30/PZDwk5on_bbde0b11968c494b86fbf84cc6c2e735.jpg",Rs. 694,Rs. 4999,,,,Organic,keyword
,WROGN,Men Anti Fit Jeans,"https://assets.myntassets.com/dpr_2,q_60,w_210,c_limit,fl_progressive/assets/images/25482106/2023/12/5/8958216b-dcde-4022-964c-dc24de3234451701757842530-WROGN-Men-Jeans-2801701757842057-1.jpg",Rs. 1275,Rs. 2199,,,,Organic,keyword
,GAP,Girls Mid Rise Slim Fit Jeans,"https://assets.myntassets.com/dpr_2,q_60,w_210,c_limit,fl_progressive/assets/images/2025/DECEMBER/4/oemqD2v4_33c933f25585419286fcbb871f90569f.jpg",,,,,,Organic,keyword
,Urbano Juniors,Boys Regular Fit Mid-Rise Jeans,"https://assets.myntassets.com/dpr_2,q_60,w_210,c_limit,fl_progressive/assets/images/2026/JANUARY/16/Z4AxqaNc_8806d4f9977a46489c974355bf142cab.jpg",Rs. 835,Rs. 2199,,,,Organic,keyword
,WROGN,Men Relaxed Fit Mid-Rise Jeans,"https://assets.myntassets.com/dpr_2,q_60,w_210,c_limit,fl_progressive/assets/images/33133462/2025/5/21/f7448b77-cdfa-4fb9-a64d-06360f02e4b61747800970256-WROGN-Men-Jeans-4591747800969541-1.jpg",Rs. 1275,Rs. 2199,,,,Organic,keyword
,glitchez,Men Loose Jeans,"https://assets.myntassets.com/dpr_2,q_60,w_210,c_limit,fl_progressive/assets/images/31596633/2025/4/11/eb4561d9-9582-4a5a-965a-8f4121d730a01744365565819-glitchez-Men-Jeans-241744365565297-1.jpg",Rs. 703,Rs. 2199,,,,Organic,keyword
,Sangria,Girls Embroidered Maxi Dress,"https://assets.myntassets.com/dpr_2,q_60,w_210,c_limit,fl_progressive/assets/images/2025/FEBRUARY/1/Ki0eobeK_f5860c9692244d95831e9cbefc087854.jpg",Rs. 732,Rs. 3499,,,,Organic,keyword
,White World,Girls Printed Ethnic Dresses,"https://assets.myntassets.com/dpr_2,q_60,w_210,c_limit,fl_progressive/assets/images/2025/AUGUST/12/kQ4apLqg_4e0b6cdd4c8c4c81a122d02113488339.jpg",Rs. 452,Rs. 2664,,,,Organic,keyword
,COLOR CAPITAL,Ruched Sheath Maxi Dress,"https://assets.myntassets.com/dpr_2,q_60,w_210,c_limit,fl_progressive/assets/images/29838824/2024/5/29/4ec1b25c-56d2-474f-be34-36ae75f6eb191716967302675COLORCAPITALSheathMaxiDress1.jpg",Rs. 990,Rs. 3198,,,,Organic,keyword
,Marks & Spencer,Girls Print Fit & Flare Dress,"https://assets.myntassets.com/dpr_2,q_60,w_210,c_limit,fl_progressive/assets/images/2025/AUGUST/21/ag7aRjNF_ab50fb7264764b0f86ab36e34066856d.jpg",Rs. 659,Rs. 999,,,,Organic,keyword
,QENA,Floral Print A-Line Midi Puff Sleeve Dress,"https://assets.myntassets.com/dpr_2,q_60,w_210,c_limit,fl_progressive/assets/images/2026/JANUARY/21/zgj6DW3u_36eca24521264e14939d85baa3aa1b29.jpg",Rs. 491,Rs. 1999,,,,Organic,keyword
,PIMU,Print Maxi Flutter Sleeve Dress,"https://assets.myntassets.com/dpr_2,q_60,w_210,c_limit,fl_progressive/assets/images/2025/OCTOBER/23/lkZKajic_2c70bc398c994f4da02804c1fc39608b.jpg",Rs. 552,Rs. 3999,,,,Organic,keyword
,SAFFE,Bodycon Midi Dress,"https://assets.myntassets.com/dpr_2,q_60,w_210,c_limit,fl_progressive/assets/images/2024/SEPTEMBER/18/H3BVJXSO_7092d446823c44d9bfcebdcb460ff984.jpg",Rs. 1238,Rs. 3499,,,,Organic,keyword
,CORSICA,Floral Printed Maxi Dress,"https://assets.myntassets.com/dpr_2,q_60,w_210,c_limit,fl_progressive/assets/images/2025/MARCH/10/mdCQydjy_3e900597b233415db1d0fb63f4a4b5c4.jpg",Rs. 778,Rs. 1999,,,,Organic,keyword
,SK DRESSES,Embellished  Fit & Flare Dress,"https://assets.myntassets.com/dpr_2,q_60,w_210,c_limit,fl_progressive/assets/images/2025/MARCH/18/ICzvqVfg_5dc2f54ffea142dcabeb30eb656c3f8d.jpg",Rs. 861,Rs. 999,,,,Organic,keyword
,OCTICS,Red Embroidery Midi Dress,"https://assets.myntassets.com/dpr_2,q_60,w_210,c_limit,fl_progressive/assets/images/2025/JULY/11/jyxyIrEx_0bca4b535dea4cab830ddf47d108984d.jpg",Rs. 1147,Rs. 5845,,,,Organic,keyword
,Bella Moda,Floral Print Fit & Flare Dress,"https://assets.myntassets.com/dpr_2,q_60,w_210,c_limit,fl_progressive/assets/images/2026/JANUARY/16/bopbn5w5_5d019f514ccb485bbb08dfc727940a65.jpg",Rs. 630,Rs. 849,,,,Organic,keyword
,COLOR CAPITAL,Sheath Midi Dress,"https://assets.myntassets.com/dpr_2,q_60,w_210,c_limit,fl_progressive/assets/images/2026/JANUARY/30/CHXybKCP_e8a15375a49f4d30adcc9036ca16f706.jpg",Rs. 990,Rs. 1980,,,,Organic,keyword
,Marks & Spencer,V-Neck Knee Length Wrap Dress,"https://assets.myntassets.com/dpr_2,q_60,w_210,c_limit,fl_progressive/assets/images/2025/AUGUST/21/TVxa2rly_d23d0501197c424ebdff012f81aff72b.jpg",Rs. 1399,Rs. 3499,,,,Organic,keyword
,StyleCast,Sleeveless Maxi Bodycon Dress,"https://assets.myntassets.com/dpr_2,q_60,w_210,c_limit,fl_progressive/assets/images/2025/APRIL/22/ilVoARwJ_34a549736dac4f35ad225184aed326e9.jpg",Rs. 1165,Rs. 3149,,,,Organic,keyword
,COLOR CAPITAL,Bodycon Maxi Dress,"https://assets.myntassets.com/dpr_2,q_60,w_210,c_limit,fl_progressive/assets/images/2026/JANUARY/30/L63sY4BM_3b0ab09e8100471f9f4d4cdbe36f9ebb.jpg",Rs. 790,Rs. 1580,,,,Organic,keyword
,StyleCast x Revolte,Strapless Sheath Dress,"https://assets.myntassets.com/dpr_2,q_60,w_210,c_limit,fl_progressive/assets/images/2025/APRIL/22/1AQ8r6IN_49e28ed28ce5412c8521fbe567d4f734.jpg",Rs. 879,Rs. 1999,,,,Organic,keyword
,QENA,Floral Print Georgette Fit & Flare Midi Puff Sleeve Dress,"https://assets.myntassets.com/dpr_2,q_60,w_210,c_limit,fl_progressive/assets/images/2026/JANUARY/23/imkLcOVY_dadd981d303e43f588e491c5d12e71de.jpg",Rs. 491,Rs. 1999,,,,Organic,keyword
,COLOR CAPITAL,A-Line Mini Keyhole Neck Flared Sleeve Dress,"https://assets.myntassets.com/dpr_2,q_60,w_210,c_limit,fl_progressive/assets/images/2026/JANUARY/30/Wl4Nr8sg_f09d7928a4054507864c18518281bc0a.jpg",Rs. 890,Rs. 1780,,,,Organic,keyword
,BAESD,Girls Printed A-Line Dress,"https://assets.myntassets.com/dpr_2,q_60,w_210,c_limit,fl_progressive/assets/images/2025/JANUARY/7/HegwgCOT_2d47f76ef1b541f4879d9b358fa99aeb.jpg",Rs. 359,Rs. 1999,,,,Organic,keyword
,PRENA FASHION,Girls Dresses,"https://assets.myntassets.com/dpr_2,q_60,w_210,c_limit,fl_progressive/assets/images/2025/JUNE/21/ekR0J4Ue_51e6045778d24b10825e8814704beb0f.jpg",Rs. 480,Rs. 999,,,,Organic,keyword
,COLOR CAPITAL,Bodycon Midi Dress,"https://assets.myntassets.com/dpr_2,q_60,w_210,c_limit,fl_progressive/assets/images/2026/JANUARY/30/YYZS8JgZ_7a193f46d77a4b2a953fd54269ac082c.jpg",Rs. 790,Rs. 1580,,,,Organic,keyword
,Claura,Floral Printed Maxi Midi Dress,"https://assets.myntassets.com/dpr_2,q_60,w_210,c_limit,fl_progressive/assets/images/2025/JANUARY/22/QswNBQfs_2695334038d34f22a38a17f8584fc6bb.jpg",Rs. 705,Rs. 2939,,,,Organic,keyword
,QENA,Floral Print Georgette A-Line Maxi Puff Sleeve Dress,"https://assets.myntassets.com/dpr_2,q_60,w_210,c_limit,fl_progressive/assets/images/2026/JANUARY/31/3P6c9LsM_a07a5c93242a430b909bdd8d92f86d2f.jpg",Rs. 491,Rs. 1999,,,,Organic,keyword
,COLOR CAPITAL,Dress,"https://assets.myntassets.com/dpr_2,q_60,w_210,c_limit,fl_progressive/assets/images/2026/JANUARY/30/PeISKLNs_386a388fab7e4627b025177a74ad1dec.jpg",Rs. 990,Rs. 1980,,,,Organic,keyword
,Claura,Mandarin Collar A-Line Dress,"https://assets.myntassets.com/dpr_2,q_60,w_210,c_limit,fl_progressive/assets/images/2024/SEPTEMBER/24/FnCr5ye3_6e278e8c33174657b8cb55b6fadd0ccc.jpg",Rs. 666,Rs. 2899,,,,Organic,keyword
,Chemistry,Denim Fit & Flare Midi Dress,"https://assets.myntassets.com/dpr_2,q_60,w_210,c_limit,fl_progressive/assets/images/2025/APRIL/7/me3PW7UL_d2157054a7d04b77895d74e26c3d80a3.jpg",Rs. 987,Rs. 2599,,,,Organic,keyword
,SK DRESSES,Velvet Fit & Flare Dress,"https://assets.myntassets.com/dpr_2,q_60,w_210,c_limit,fl_progressive/assets/images/2025/DECEMBER/17/xxUYJLM9_e187b1f782914e668de6f83b6f54b062.jpg",Rs. 288,Rs. 1499,,,,Organic,keyword
,Vero Moda,Fit and Flare Dress,"https://assets.myntassets.com/dpr_2,q_60,w_210,c_limit,fl_progressive/assets/images/2025/MARCH/12/4ADZkfP1_6ffc7270bfc14e29a8798ee0c99d53f3.jpg",Rs. 1119,Rs. 2799,,,,Organic,keyword
,QENA,Print Fit & Flare Midi Puff Sleeve Dress,"https://assets.myntassets.com/dpr_2,q_60,w_210,c_limit,fl_progressive/assets/images/2026/JANUARY/13/gJAvU8dH_74f1d5568f44464794e8f88b85717247.jpg",Rs. 491,Rs. 1999,,,,Organic,keyword
,COLOR CAPITAL,Bodycon Maxi Halter Neck Dress,"https://assets.myntassets.com/dpr_2,q_60,w_210,c_limit,fl_progressive/assets/images/2026/JANUARY/30/KDuT5gFp_eb0fba6672284bcbbc13b704b1b60654.jpg",Rs. 990,Rs. 1980,,,,Organic,keyword
,StyleCast,Men Tailored Jacket,"https://assets.myntassets.com/dpr_2,q_60,w_210,c_limit,fl_progressive/assets/images/2025/APRIL/24/tjlztGaF_822d160dea33450c94a27cc17dfdaf4c.jpg",Rs. 1424,Rs. 3849,,,,Organic,keyword
,StyleCast x Revolte,Men Outdoor Tailored Jacket,"https://assets.myntassets.com/dpr_2,q_60,w_210,c_limit,fl_progressive/assets/images/2025/SEPTEMBER/24/OPs0UQvR_2a332068033e4237ad820f5372059644.jpg",Rs. 1715,Rs. 5199,,,,Organic,keyword
,INCLUD,Boys Hooded Tailored Jacket,"https://assets.myntassets.com/dpr_2,q_60,w_210,c_limit,fl_progressive/assets/images/26700650/2023/12/28/43354ad2-cd3e-42c5-b861-c310a15519b91703746873915INCLUDBoysBrownLightweightQuiltedJacket1.jpg",Rs. 859,Rs. 1999,,,,Organic,keyword
,FOREVER FRIDAY,Bomber Jacket,"https://assets.myntassets.com/dpr_2,q_60,w_210,c_limit,fl_progressive/assets/images/2026/JANUARY/9/wGZthGRD_99e3e07e2c6949d48f68bca5a8fd610b.jpg",Rs. 1504,Rs. 3499,,,,Organic,keyword
,StyleCast x Revolte,Men Hooded Puffer Jacket,"https://assets.myntassets.com/dpr_2,q_60,w_210,c_limit,fl_progressive/assets/images/2025/APRIL/24/thBRPVpq_af053bb5c1554896a181e12d037f886a.jpg",Rs. 1762,Rs. 4299,,,,Organic,keyword
,FOREVER FRIDAY,Boys Quilted Bomber Jacket,"https://assets.myntassets.com/dpr_2,q_60,w_210,c_limit,fl_progressive/assets/images/2025/NOVEMBER/10/8wkwhNgH_9bc5601a64664e68a14144d5d2fc214d.jpg",Rs. 1035,Rs. 2799,,,,Organic,keyword
,Jompers,Woven Design Nehru Jacket,"https://assets.myntassets.com/dpr_2,q_60,w_210,c_limit,fl_progressive/assets/images/21804232/2023/2/2/befa3070-2f29-4a2e-bc35-758046a160841675315662609WovenDesignWaistcoat1.jpg",Rs. 927,Rs. 3199,,,,Organic,keyword
,Red Tape,Hooded Puffer Jacket,"https://assets.myntassets.com/dpr_2,q_60,w_210,c_limit,fl_progressive/assets/images/24872990/2024/10/16/c7a34f43-c195-4871-ac71-f0f78cd51be31729096043424-Red-Tape-Men-Solid-Hooded-Padded-Jacket-5741729096042691-1.jpg",Rs. 1421,Rs. 10299,,,,Organic,keyword
,HRX by Hrithik Roshan,Solid Padded Jacket,"https://assets.myntassets.com/dpr_2,q_60,w_210,c_limit,fl_progressive/assets/images/11846940/2020/9/25/4865add2-7c5e-4627-bee0-1c5840cfd72d1601029454113-HRX-by-Hrithik-Roshan-Men-Jackets-6241601029451849-1.jpg",Rs. 1479,Rs. 3999,,,,Organic,keyword
,YK,Girls Hooded Sherpa Jacket,"https://assets.myntassets.com/dpr_2,q_60,w_210,c_limit,fl_progressive/assets/images/2025/JULY/28/aI6Z77iv_f3c99d0ad53e4d3f8036386aaabfb536.jpg",Rs. 1055,Rs. 3299,,,,Organic,keyword
,Powerlook,Men Cotton Denim Jacket,"https://assets.myntassets.com/dpr_2,q_60,w_210,c_limit,fl_progressive/assets/images/2025/NOVEMBER/20/APWWyp3L_a0129921d3f9443ba1551bc96ec4481a.jpg",Rs. 1547,Rs. 3599,,,,Organic,keyword
,StyleCast x Revolte,Girls Solid Bomber Jacket,"https://assets.myntassets.com/dpr_2,q_60,w_210,c_limit,fl_progressive/assets/images/2025/MARCH/3/P18FdezI_3df2c9c0b27448e7aabf27c6712e22d6.jpg",Rs. 1529,Rs. 3399,,,,Organic,keyword
,StyleCast,Men Checked Tailored Jacket,"https://assets.myntassets.com/dpr_2,q_60,w_210,c_limit,fl_progressive/assets/images/2025/APRIL/22/3l5wKyvw_d230707d312d440684237ded4a339987.jpg",Rs. 1539,Rs. 3849,,,,Organic,keyword
,Red Tape,Mock Collar Bomber Jacket,"https://assets.myntassets.com/dpr_2,q_60,w_210,c_limit,fl_progressive/assets/images/24873022/2024/10/16/988abfb3-7653-4a69-b613-b9515fb2b5701729096170193-Red-Tape-Solid-Bomber-Jacket-1551729096169637-1.jpg",Rs. 1379,Rs. 9999,,,,Organic,keyword
,FTX,Men Printed Bomber Jacket,"https://assets.myntassets.com/dpr_2,q_60,w_210,c_limit,fl_progressive/assets/images/2025/SEPTEMBER/12/zuX9osPq_c417a6feb7644ed2815e103f0350c92e.jpg",Rs. 545,Rs. 2330,,,,Organic,keyword
,TANDUL,Leather Tailored Jacket,"https://assets.myntassets.com/dpr_2,q_60,w_210,c_limit,fl_progressive/assets/images/2026/JANUARY/6/Y8mmg3Bb_62f63dbea3df421e9970166a56f7c42e.jpg",Rs. 693,Rs. 1499,,,,Organic,keyword
,COLOR CAPITAL,Lightweight Antimicrobial Training or Gym Sporty Jacket,"https://assets.myntassets.com/dpr_2,q_60,w_210,c_limit,fl_progressive/assets/images/2025/NOVEMBER/7/E5XjoimM_f3360fe5e9674e89a326bff281de06ed.jpg",Rs. 790,Rs. 1580,,,,Organic,keyword
,HRX by Hrithik Roshan,Men Solid Bomber,"https://assets.myntassets.com/dpr_2,q_60,w_210,c_limit,fl_progressive/assets/images/4453292/2018/10/29/3d56873c-81f2-4933-ba4b-dab9a4a6feda1540804797889-HRX-by-Hrithik-Roshan-Men-Black-Solid-Bomber-949154080479606-1.jpg",Rs. 1399,Rs. 3999,,,,Organic,keyword
,Jompers,Woven Design Nehru Jacket,"https://assets.myntassets.com/dpr_2,q_60,w_210,c_limit,fl_progressive/assets/images/21804242/2023/2/2/ed2fffe0-380e-4a62-a50a-d18039eaf55f1675315556829WovenDesignWaistcoat1.jpg",Rs. 927,Rs. 3199,,,,Organic,keyword
,Trendyol,Long Sleeves Jacket,"https://assets.myntassets.com/dpr_2,q_60,w_210,c_limit,fl_progressive/assets/images/2025/OCTOBER/13/vbnZ6Vem_e57f869298dc4f0684a34f3d722c8cbe.jpg",Rs. 1399,Rs. 3499,,,,Organic,keyword
,HERE&NOW,Men Padded Jacket,"https://assets.myntassets.com/dpr_2,q_60,w_210,c_limit,fl_progressive/assets/images/2025/SEPTEMBER/25/LmsuDxQ5_2b31135eeb144eb59160140d0a415303.jpg",Rs. 1257,Rs. 3399,,,,Organic,keyword
,Alan Jones,Mock Collar Tailored Jacket,"https://assets.myntassets.com/dpr_2,q_60,w_210,c_limit,fl_progressive/assets/images/2025/OCTOBER/9/ynB5fJ07_acfbc03b48724be5a50259dd48050837.jpg",Rs. 709,Rs. 1999,,,,Organic,keyword
,GAP,Boys Hooded Bomber Jacket,"https://assets.myntassets.com/dpr_2,q_60,w_210,c_limit,fl_progressive/assets/images/2025/NOVEMBER/4/XleB3BVG_de450947514948b190f052d0440331cf.jpg",Rs. 1999,Rs. 3999,,,,Organic,keyword
,INCLUD,Boys Open Front Casual Jacket,"https://assets.myntassets.com/dpr_2,q_60,w_210,c_limit,fl_progressive/assets/images/2024/SEPTEMBER/14/qW5la2qY_2bf87d7282d24aafa4491e6c8f54750d.jpg",Rs. 614,Rs. 1499,,,,Organic,keyword
,StyleCast x Revolte,Men Solid Windcheater Jacket,"https://assets.myntassets.com/dpr_2,q_60,w_210,c_limit,fl_progressive/assets/images/2025/APRIL/24/Lmymwynh_0c2bfc47761f4874acbddb1aa9d36f69.jpg",Rs. 1559,Rs. 3999,,,,Organic,keyword
,Red Tape,Stand Collar Bomber Jacket,"https://assets.myntassets.com/dpr_2,q_60,w_210,c_limit,fl_progressive/assets/images/24899572/2024/10/16/e0ce647b-fb42-408c-b211-2d86e91592491729096287528-Red-Tape-Men-Baseball-Collar-Bomber-Jacket-1311729096286957-1.jpg",Rs. 927,Rs. 6399,,,,Organic,keyword
,StyleCast,Windcheater Bomber Jacket,"https://assets.myntassets.com/dpr_2,q_60,w_210,c_limit,fl_progressive/assets/images/26856432/2024/1/11/785f1e3d-c735-4f9b-b03b-bfc67b8a355a1704916688834StyleCastWomenBlackCheckedWindcheaterLonglineTailoredJacket1.jpg",Rs. 1462,Rs. 3749,,,,Organic,keyword
,FOREVER FRIDAY,Bomber Jacket,"https://assets.myntassets.com/dpr_2,q_60,w_210,c_limit,fl_progressive/assets/images/2026/JANUARY/9/vKzW2czd_565d34fdf65e4321841d8840f0a1962c.jpg",Rs. 1117,Rs. 2599,,,,Organic,keyword
,NEXT,Washed Denim Jacket,"https://assets.myntassets.com/dpr_2,q_60,w_210,c_limit,fl_progressive/assets/images/2026/JANUARY/13/QppRTRIp_7a74da9a5e3743e0b454f033bd476433.jpg",Rs. 1559,Rs. 2599,,,,Organic,keyword
,TRENDY WORLD,Boys Hooded Puffer Jacket,"https://assets.myntassets.com/dpr_2,q_60,w_210,c_limit,fl_progressive/assets/images/2025/SEPTEMBER/6/oOKbPznQ_fa0f827213ce4825a20848683c364820.jpg",Rs. 763,Rs. 1798,,,,Organic,keyword
